Företagsnamn,Årlig omsättning,Gatuadress,Postnummer,Ort,VD,VD E-post,VD Telefon,Ägare,HR-ansvarig,HR E-post,Projektledare,Administratör,Housing-ansvarig,Global Mobility-ansvarig
Genesis Bygg Ab,2363000,Hovslagargatan 24,194 31,Upplands Väsby,Maide Genesis Palma Vasquez,,,Maide Genesis Palma Vasquez,,,,,,
Rika Entreprenad Ab,113536000,Fagerstagatan 7,163 53,Spånga,Rickard Gordon Ahlberg,rickard@rikaab.se,070 727 36 05,Rickard Gordon Ahlberg,,,Oliver Ahlberg,,,
08 Rörservice Ab,6128000,Ishockeyvägen 30,151 59,Södertälje,Milos Kuzmanovic,milos@08rorservice.se,070-471 74 52,Milos Kuzmanovic,,,,,,
08 Sweden Ab,6727000,Rodergränd 4,175 63,Järfälla,Satu Susanna Oja,,070-962 11 58,,,,,,,
08 Undertak Ab,14376000,Dingtunagränd 4,194 55,Upplands Väsby,Yelisey Tumantsev,,,,,,,,,
247 Betonghåltagning Aab,20376000,Lyftkransvägen 2,142 50,Skogås,Erik Alexander Karlsson,,076-139 05 51,,,,,,,
2mk Entreprenad Ab,7078000,Golvläggargränd 10,117 59,Stockholm,Maryuri Lisbeth Mancilla Bolanos,,,,,,,,,
90.N Bygg Ab,6373000,Djursgårdsvägen 85,136 71,Vendelsö,Luvsantseveen Oyuntsetseg,,0700162030,Luvsantseveen Oyuntsetseg,,,,,,
A Hällgren Nord Ab,,,,,,,,,,,,,,
A Lundgren Smide Ab,109200000,Löfströmsvägen 1,172 66,Sundbyberg,Richard Lundgren,richard@smide.com,08-684 118 00,Richard Lundgren,Johanna Lundgren,hr@smide.com,,,,
A S Mark Och Trädgårdsentreprenad Ab,5063000,Esplanaden 6 Lgh 1509,172 67,Sundbyberg,Alvaro Perez Rivera,,073-654 32 07,Alvaro Perez Rivera,,,,,,
A&P Construction Ab,5442000,Nymärsta gränd 5 Lgh 1210,195 30,Märsta,Xhimi Baholli,info@apcon.se,070-886 97 06,Xhimi Baholli,,,,,,
A1 Byggnadsställningar Ab,,Bagarvägen 8,,Bro,,,0765685084,,,,,,,
Ab Södermalms Sten,11029000,Vindkraftsvägen 7,135 70,Stockholm,Nicklas Mattias Bladh,,08-702 20 10,Nicklas Mattias Bladh,,,,,,
Ab Wasa Skadeservice,9702000,Stensätravägen 5,127 39,Skärholmen,Daniel Amouri,,076-55 000 66,Daniel Amouri,,,,,,
Abd Bygg Ab,8787000,Box 1152,164 26,Kista,,,,Dritan Ballolli,,,,,,
Ac Ducting Stockholm Ab,16336000,Pilotvägen 6,175 63,Järfälla,Shokhrukh Djalilov,info@aerem.nu,070-097 34 34,Shokhrukh Djalilov,,,,,,
Activa Service I Sverige Aktiebolag,23253000,Reprovägen 12,183 77,Täby,Emelie Linnea I Karlsson Jarnesten,,020-333 888,Rebellion Operations AB (publ),,,,,,
Active Vvs Ab,98638000,Götlundagatan 34,124 71,Bandhagen,Jagerkhin Majid Ahmad,,08-605 42 30,Active & Kemsi Holding AB,,,John Sillberg,,,
Afamia Bygg Ab,,Bäckgårdsvägen 32,143 42,Vårby,Sameer Amin,,0707-92 69 26,Sameer Amin,,,,,,
Ag Auto Center Ab,5070000,Dalhemsvägen 45,141 46,Huddinge,Abdul Ghafar Khan,kundtjanst@agautocenterab.se,08-121 478 27,Abdul Ghafar Khan,,,,,,
Ag Park Och Miljö Ab,,,,,,,,,,,,,,
Agemo Bygg Ab,23600000,Bromsta 113,195 92,Märsta,Marcus Joachim Agemo,marcus@agemo.se,070-522 75 00,Marcus Joachim Agemo,,,,,,
Agtira Ab,34415000,Verkstadsvägen 19,871 54,Härnösand,Joakim Linneros,joakim.linneros@agtira.com,073-546 24 60,,,,,,,
Agö Måleri Ab,10822000,Rosengatan 10,172 70,Sundbyberg,Nils Lennart Agö,,070-948 80 80,Nils Lennart Agö,,,,,,
Aktiebolaget Aston Verktyg,11886000,Wedavägen 24B,152 42,Södertälje,Karl Erik Persson,,08-550 133 70,Beston Holding AB,,,,,,
Aktiebolaget Joel Fläcke,2818000,Personnevägen 36,129 35,Hägersten,Roland Sigvardson,roland@joelflacke.se,070-575 35 88,Alero Vision AB,,,Nils Fläcke,,,
Aleh Konsylt Bygg Och Redovisning,,,,,,,,,,,,,,
Aleksandar Cvijetic,,Elsarostigen 6,152 48,Södertälje,,alexandarcvijetic@gmail.com,,Aleksandar Cvijetic,,,,,,
Alfa Laval Technologies Ab,0,Rudeboksvägen 1,226 55,Lund,Patrik Källåker,patrik.kallaker@alfalaval.com,072-450 05 21,Alfa Laval Corporate AB,Bernard Oghene,bernard.oghene@alfalaval.com,,,,
Alisol Ab,,Kaskögatan 26,164 76,Kista,Nurullobek Abdullaev,info@alisol.se,070-010 77 72,,,,,,,
All Entreprenad Stockholm Ab,4093000,Spångavägen 55,168 75,Bromma,Mamuli Chogadze,,08-409 099 09,Mamuli Chogadze,,,,,,
All Snickeri & Design I Stockholm Ab,31419000,Dåntorpsvägen 33 Ht,136 50,Jordbro,,,073-443 37 00,Karen Vardanyan,,,,,,
All Source Ab,18489000,Södra Kungsvägen 68,181 32,Lidingö,Luis Alejandro Caballero,,08-586 200 00,Alexander Cajas,,,,,,
Allakustik Underbara Tak Ab,98103000,Ranhammarsvägen 25A,168 67,Bromma,Rolf Peter Hallberg,peter.hallberg@allakustik.se,0708872716,We Ar(e) Group AB,,,Alexander Berg,,,
Allt I Ventilation Stockholm Ab,65444000,Sveaborgsgatan 45,164 72,Kista,Stefan Conny Erik Schelander,,070-450 94 37,,,,,,,
Alltreko Bygg Ab,21576000,Vintervägen 20,135 40,Tyresö,Myroslava Ferbei,info@alltrekobygg.se,079-075 03 36,,,,,,,
Am Skrubb & Stubb Ab,6180000,Skarprättarvägen 7 Lokal 18,176 77,Järfälla,Ch Adeel Iftikhar,,,,,,,,,
Amd Bilcenter Ab,10341000,Fräsarvägen 3,142 50,Skogås,Adis Jasarevic,,08-515 101 40,Adis Jasarevic,,,,,,
Amg Ställningar Ab,20074000,Grävlingvägen 34,745 71,Enköping,Guido Moisés Andino Cuesta,,,Guido Moisés Andino Cuesta,,,,,,
Amy Trädgård & Mark Ab,4263000,Domnarvsgatan 33,163 53,Spånga,Mandeep Randhawa,info@amytradgard.se,076-037 41 03,Mandeep Randhawa,,,,Pawanpreet Kaur,,
Amål Service Ab,8551000,Lammholmsbacken 54,127 49,Skärholmen,Ajmer Raja Jakhu,radja@amalservice.se,070-787 86 10,Ajmer Raja Jakhu,,,,,,
Andrés Måleri Ab,49800000,Bolandsgatan 15 G2,753 23,Uppsala,André Andersson,andre@andresmaleri.se,0736-620200,André Andersson,,,David Lornér,Joanna Kussowska,,
Andriy Shebunchak,,Båtbyggarvägen 6 A,194 91,Upplands Väsby,,info@fksbygg.se,0737246693,Andriy Shebunchak,,,,,,
Ansvea Bygg Ab,5366000,Harpsundsvägen 78,124 58,Bandhagen,Arutyun Nikolyan,nikolyan6@gmail.com,076-398 80 25,,,,,,,
Anvestpro Ab,7737000,Rotebro Torg 1,192 68,Sollentuna,Azamat Abduqodirov,anvestpro@gmail.com,070-389 77 66,,,,,,,
Anwar Ali Radha,1250000,Masmovägen 21,143 32,Vårby,Anwar Ali Radha,,073-948 38 46,Anwar Ali Radha,,,,,,
Appvvs Ab,18535000,Gamla Huddingevägen 447,125 42,Älvsjö,Apostol Bali,info@appvvs.se,076-340 76 53,Apostol Bali,,,,,,
Arc Arise Consulting Group Ab,260041000,Grev Turegatan 1,114 46,Stockholm,Hans Mattias Olofsson,,070-850 80 08,Eidra MidCo AB,,,,,,
Ardei Group Ab,13393000,Sågenvägen 10 a,136 71,Vendelsö,Alban Laci,,08-36 44 74,,,,,,,
Ardian Mur Och Puts Ab,6278000,Vibblabyvägen 7 lgh 1102,177 64,Järfälla,Ardian Byci,,070-260 97 39,Ardian Byci,,,,,,
Argovall Ab,,,,,,,,,,,,,,
Arian Nova Ab,10992000,Björksundsslingan 32 1 Tr,124 31,Bandhagen,Igor Goubenko,info@ariannova.se,073-650 7996,Igor Goubenko,,,Zak,,,
Arla Foods Ab,22436036000,Rättarvägen 3,169 68,Solna,Cecilia Anna Lovisa Kocken,cecilia.kocken@arlafoods.com,08-789 50 00,ARLA FOODS AMBA,Sylvia Buddenbaum Eriksson,,,,,
Arlandastads Industrilack Del Pino Ab,3745000,Bristagatan 16 Bv,195 60,Arlandastad,Omar Vasquez del Pino,,,Arninge kök och lackering Del Pino AB,,,,,,
Arlette Ab,3649000,Ullbergsvägen 51,135 67,Tyresö,Mingaudas Adomonis,,,,,,,,,
Arninge Kök Och Lackering Del Pino Ab,9707000,Ritarslingan 32,187 66,Täby,Omar Vasquez del Pino,,073-514 44 37,Omar Vasquez del Pino,,,,,,
Arsentiy Li,,,,,,,,,,,,,,
As Isolering Ab,11664000,Skebokvarnsvägen 69 Lgh 1001,124 33,Bandhagen,Viacheslav Skliarenko,info@asisolering.se,070-741 37 36,ARSK Holding AB,,,,,,
Asiel Bygg Ab,16308000,Vintrosagatan 11,124 73,Bandhagen,Razvan Hudescu,info@asielbygg.se,+46732055031,Razvan Hudescu,,,,,,
Aspa Plast Ab,30742000,Industrivägen 8,746 40,Bålsta,Anna Cecilia Seilinger,anna@aspaplast.se,070-3835414,ASPA Plast Invest AB,,,,,,
Asplunds Industri Produkter Ab,21866000,Hörnåkersvägen 6A,183 65,Täby,Ivan Särnmark,ivan@aipab.com,070-590 84 09,Ivan Victor Alexander Särnmark,,,,,,
Asti Tak & Bygg Ab,8875000,Järnvägsgatan 36,131 54,Nacka,,,,,,,,,,
Ata-Bil Ab,1738000,Hökärrsvägen 107,141 91,Huddinge,Khabibulla Nazarov,,08-29 05 59,,,,,,,
Atrush Ab,4803000,Danmarksgatan 42 b,164 53,Kista,Kameran Salim,info@atrush.se,,,RK Grupp AB,,,,,
Auto Body Stockholm Ab,4751000,Göksholmsbacken 17,124 74,Bandhagen,,,08-121 480 02,Billy Bob,,,,,,
Autocity Bilskador Ab,19352000,Kronobergsgatan 45,112 33,Stockholm,Erik Sture Svensson,,,Erik Sture Holding AB,,,,,,
Auxante Ab,17159000,Hallvägen 8,121 62,Johanneshov,Linus Peter Lööw Spadaro,linusloowspadaro@auxante.se,076 006 07 24,Simon Borsos & Linus Lööw Spadaro,Simon Borsos,simonborsos@auxante.se,,Johanna Spadaro,,
Avarus Ställningar Ab,9577000,Örnbergsvägen 35,146 40,Tullinge,Ruslan Dagrus,,,,,,,,,
Awdhesh Bitola Company Ab,18691000,Dalvägen 98,147 32,Tumba,Awdhesh Tiwari,abcabtiwari@gmail.com,08-128 754 30,Awdhesh Tiwari,,,,,,
Axela Ab,152190000,Bergkällavägen 20,192 79,Sollentuna,Björn Patrick Borgvall,,070-739 85 88,Axela Holding AB,,,Anders Skoglund,,,
Axelberg Snickeri Inom Bygg Ab,7809000,Selmedalsvägen 54,129 37,Hägersten,Eugenio José Rengifo Castillo,,073-676 13 20,Eugenio José Rengifo Castillo,,,,,,
B4d Gruppen Ab,15922000,Malmköpingsvägen 42,125 40,Älvsjö,Adem Dogru,ademdogru@b4d.se,072 003 03 90,Adem Dogru,,,Ahmed Dogru,Sara Hellman,,
Bd Nynäshamn Ax Ab,,Hammarhagsvägen 28,149 45,Nynäshamn,,,,KG Knutsson Verkstad AB,,,,,,
Belstroj Ab,121755000,Vendevägen 62,182 66,Djursholm,Peter Kolare,,,Yauhen Blahadarau,,,,,,
Bemanningslandslaget Ab,24839000,Blekingegatan 59,116 62,Stockholm,Jimmy Fredrik Samuelsson,,070-848 86 00,Jimmy Fredrik Samuelsson,,,,,,
Benny Engmans Lackering Ab,10299000,Fräsarvägen 7,142 50,Skogås,Benny Mikael Engman,,,Benny Mikael Engman,,,,,,
Bergsmark & Energi Ab,,Flemma Bergsnäs 1,585 78,Vreta Kloster,Jens Fredrik Zethraeus,,070-299 45 25,,,,,,,
Bernin Bygg Ab,114271000,Vängsö Gård,646 93,Gnesta,Jennie Breiman,jennie@berninbygg.se,010 234 81 93,Jonas Bernin,,,Johan Forsström,Julia Bernin,,
Besltroj Ab,,,,,,,,,,,,,,
Betongproffsen Sthlm Ab,15209000,Storskogsvägen 11,141 39,Huddinge,Leif Thomas Åhman,thomas@betongproffsen.se,076-336 10 26,3xT Holding AB,,,,,,
Bf Flytt Och Städ I Stockholm,8261000,Skärlingebacken 13,124 33,Bandhagen,Kamel Ourir,,070-052 20 01,Kamel Ourir,,,,,,
Bil+ Bromma Ab,20100000,Missionsvägen 77,167 33,Bromma,Djalal David Arbajandeh,,077-1121121,Nima Arbajandeh,,,,,,
Bilia Center Auto Ab,2624268000,Kottbygatan 4,164 74,Kista,Jan Urban Hermansson,,08-709 47 00,Bilia AB,,,,,,
Bilia Center Metro Ab,2774400000,Ellipsvägen 4-8,141 75,Kungens Kurva,Ulf Henrik Jönsson,,010-497 43 70,Bilia AB,,,,,,
Bilia Personbilar Ab,10447916000,Torfredsplatsen 1,169 75,Solna,Stojan Padjen,,077-140 00 00,Bilia AB,Sanna Lindgren,,,,,
Bilskadecenter I Sollentuna Ab,46935000,Kuskvägen 4,191 62,Sollentuna,,,,,D. Nirö Invest AB,,,,,
Bilia Märsta Ab,,,,,,,,,,,,,,
Bite Mark & Anläggning Ab,150483000,Götlundagatan 2,124 71,Bandhagen,Kenth Nicklas Nyström,,08-530 398 21,Siuler Holding AB,,,,,,
Bks Ab,30499000,Kungsgatan 29,111 56,Stockholm,Ramiro Andres Botero Llanos,,08-571 425 00,BKST Capital AB,,,,,,
Bm Plåt Och Bygg Ab,7573000,Starbovägen 65,162 72,Vällingby,,,0707240950,Boro Martinovic,,,,,,
Bmd Entreprenad Ab,44739000,Fågelviksvägen 9 tr 8,145 53,Norsborg,Bojan Dukic,,076-623 37 68,Dusko Dukic; Miroslav Dukic; Bojan Dukic,,,,,,
Bna Bilcenter Ab,33575000,Rallarvägen 13,184 40,Åkersberga,Afshin Ghasemi Nowbakht,,08-540 607 00,,,,,,,
Bollsta Bygg Ab,,,,,,,,,,,,,,
Boom Consulting Ab,1892000,Runebergsgatan 3 1tr,114 29,Stockholm,Christina Caroline Olausson,,070-450 50 63,,,,,,,
Borr Baronen Ab,24435000,Norra Gårdslötsvägen 5,184 63,Åkersberga,Patrick Håkansson Ingves,,070-720 62 61,Patrick Håkansson Ingves,,,,,,
Borrkungen Ab,21187000,Lyftkransvägen 2,142 50,Skogås,Mikael Kristian Klinga,mikael@borrkungen.nu,08-32 88 01,Mikael Klinga; Nathalie Wilkinson Klinga,,,,,,
Botkyrka Trädgård & Markservice Ab,5671000,Finkmossvägen 174,147 34,Tumba,Harbir Singh,,072-282 60 71,Harbir Singh,,,,,,
Br Stockholm Ab,30622000,Pepparvägen 81,123 56,Farsta,Amir Dusinovic,amir.dusinovic@brstockholm.se,0707702280,Amir Dusinovic,,,,,,
Brauer Akustik Ab,8400000,Tärnvägen 9,141 72,Segeltorp,Vladimir Brauer,brauerakustikab@gmail.com,08-646 11 67,Vladimir Brauer,,,,,,
Broby Plåt & Lack Ab,24600000,Teknikvägen 3,186 32,Vallentuna,Bengt Åke Erling Andersson,,08-452 93 99,,,,,,,
Bromma Akustikteknik Ab,50759000,Sturegatan 34,172 31,Sundbyberg,Bernt Stefan Halling,,08-89 96 69,,,,,,,
Bromma Bilskador Ab,20075000,Missionsvägen 60,167 33,Bromma,Fuad Jbara,,08-704 19 60,Fuad Jbara,,,,,,
Brunner & Brunner Bygg Ab,162961000,Tuna Gårdsväg 14,147 43,Tumba,Sven Gösta Fredrich Brunner,,08-530 255 70,Sven Brunner; Lena Brunner,,,,,,
Bröderna Mur Och Puts,22540000,Lärkstigen 17,163 47,Spånga,Behzat Kavak,kavak.haci@hotmail.com,073-907 68 00,,,,,,,
Btr Personnel Services Ab,60615000,Grev Turegatan 30,114 38,Stockholm,Pia Catarina Thomasdotter Göthe,catarina.gothe@btrbc.com,070-2769851,Btr Group Invest AB,,,,,,
Bunova Ab,10842000,Johanneslundsvägen 12,194 61,Upplands Väsby,Valon Kelmendi,,070-886 07 88,NOEL AB,,,,,,
Bw Swegroup Ab,24454000,Bergväggsvägen 16K,192 48,Sollentuna,Mekhroj Turaev,info@bwswegroup.se,076-565 98 25,,,,,,,
Bygg & Markservice I Sverige Ab,26268000,Harpsundsvägen 141,124 58,Bandhagen,Vardan Paloyan,info@byggmark.net,010-585 08 43,Vardan Paloyan,,,,,,
Bygg & Städtjänst I Stockholm Ab,,,,,,,,,,,,,,
Bygg Huve Ab,,Torvsätravägen 1,127 38,Skärholmen,,,,,,,,,,
Bygg Kvalitet Sverige Ab,3565000,Klockarvägen 18,184 33,Åkersberga,Vasyl Fundela,info@byggkvalitetsverige.se,079-306 52 22,Vasyl Fundela,,,,,,
Byggbröderna Predragovic Aktiebolag,24710000,Telefonvägen 30,126 26,Hägersten,Slavisa Predragovic,info@byggbroderna.nu,073-960 12 81,Slavisa Predragovic,,,,,,
Byggdel I Stockholm Ab,19049000,Edsviksvägen 85,182 35,Danderyd,Niklas Brännerud,niklas@byggdel.se,070-750 25 75,Åke Niklas Brännerud,,,,,,
Byggfirma Bra Offert Stockholm Ab,1635000,Kopparvägen 43,176 72,Järfälla,Bojan Rajic,info@braoffert.se,+46 707551326,Bojan Rajic,,,,,,
Byggforum & Fastighetsutv. Stockholm Ab,26400000,Västberga Allé 60,126 30,Hägersten,Ara Gasparian,,08-645 30 70,Ara Gasparian,,,,,,
Byggförvaltarna Europa Ab,41081000,Östervägen 22 a,169 53,Solna,Andelija Corkovic,info@byggforvaltarna.se,073-966 94 90,Andelija Corkovic,,,,,,
Bygghero Ab,3243000,Björnsonsgatan 52 lgh 1301,168 43,Bromma,Branislav Komlenic,,,Branislav Komlenic,,,,,,
Byggmontage Forsell Ab,10828000,Tegnérgatan 15,111 40,Stockholm,Håkan Forsell,hakan.forsell@byggmontage.com,070-455 63 91,Håkan Forsell,,,,,,
Byggnadsfirma Janrik & Co Aktiebolag,83817000,Rottnerosbacken 3,123 48,Farsta,Lars Erik Janrik,mail@janrik.se,070-935 63 50,Janrik Gruppen AB,,,,,,
Camfes Ab,16691000,Skyttbrinksvägen 27,147 39,Tumba,Mauro Fernando Cordova Siguenza,,070-422 02 43,Mauro Fernando Cordova Siguenza,,,,,,
Canova Elinstallationer Ab,32478000,Strandbergsgatan 12,112 51,Stockholm,Lars-Mickael Moen,,076 111 29 81,Molöf Invest AB,,,,,,
Car Rental I Södertälje Ab,19233000,Lännockvägen 2,152 42,Södertälje,Kevin Al-Baqal,sodertalje@hyrbilsdepan.se,08-550 653 00,KWP Holding AB,,,,,,
Carjitas Ab,,,,,,,,,,,,,,
Casab Fasad & Bygg Ab,31511000,Ringvägen 14,611 35,Nyköping,John Michael Larsson,john.l@casabfasad.se,073-515 02 25,CAS Holding AB,,,,,,
Castella Entreprenad Ab,83890000,Molnbackavägen 1,177 71,Järfälla,Samer Kass Kawo,,,Sdiptech AB (publ),,,,Irena Lalovic,,
Cc Plåt & Tak Ab,80045000,Skydraget 40,163 55,Spånga,Gustav Martin Scholz,,08-36 00 10,BeKF i Stockholm AB,,,,,Belen Contreras,
Central Taxi Och Bygg Ab,4004000,Norregöksvägen 3,162 70,Vällingby,Thamer Meteb Salman,,070-022 22 12,,,,,,,
Centrumbyggen Jan Jansson Ab,31240000,Boovägen 79,132 35,Saltsjö-Boo,Thomas Erik Jansson,thomas.jansson@centrumbyggen.se,08-747 24 90,Talmetern AB,,,,,,
Cesar Snabb Bygg Ab,7957000,Värdshusvägen 14,145 50,Norsborg,Yasna Andrea Opazo Sandoval,,072-853 04 40,,,,,,,
Chakari Mark & Bygg Ab,9907000,Gullrands Väg 75,145 64,Norsborg,Jawad Habib,,08-36 67 60,,,,,,,
Cico Entreprenad Ab,48595000,Fiskare Öhrlunds Gata 10,193 41,Sigtuna,Georges Karademir,,076-200 98 92,Cico Holding AB,,,,,,
Conseltech Ab,2122000,Utmarksvägen 19,151 53,Södertälje,Ljiljana Grabovski Novakovic,,073-895 51 66,,,,,,,
Corevent Ab,5667000,Engelbrektsvägen 28,177 51,Järfälla,Oleksandr Kuts,,,Oleksandr Kuts,,,,,,
Cred Ab,136619000,Girovägen 13 3 Tr,175 62,Järfälla,Jamshed Uzokov,,070-515 86 63,,,,,,,
Crenna Plåt Ab,132318000,Kvartsgatan 19,749 40,Enköping,Kenth Niclas Hyttsten,,0171-47 80 50,Lindab Sverige AB,,,,,,
D Y S Service Ab,4094000,Geometrivägen 3 2tr,141 75,Kungens Kurva,Steven Nissan Yousef Shamoun,,,Steven Nissan Yousef Shamoun,,,,,,
D.N. Trädgård & Markskötsel Ab,181790000,Betongvägen 7 Lgh 36,142 50,Skogås,Vaios Makris,hq@dntm.se,0700079217,,,,,,,
Dalin Bil Ab,2988000,Industrigatan 10,195 60,Arlandastad,Ferhat Akkurt,,08-27 83 25,Ferhat Akkurt,,,,,,
Danes Mekaniska Ab,46780000,Mejselgatan 7,841 32,Ånge,Bo David Johansson,,0690-618 00,,,,,,,
Daniel & Sebastian Byggentreprenad Ab,2988000,,,,Ferhat Akkurt,,08-27 83 25,Ferhat Akkurt,,,,,,
Dannbergs Mark Och Vvs Ab,36080000,Rissneleden 134,174 57,Sundbyberg,Hans Johan Dannberg,johan@dmvab.se,08-69 69 777,,,,,,,
Das Kulturrenovering Ab,7319000,Lännersta Gårds Väg 15,132 46,Saltsjö-Boo,Anatolii Derekh,,08-28 99 00,Anatolii Derekh,,,,,,
Davids Måleri I Bollnäs Ab,12940000,Serenadvägen 1 a Lgh 1102,131 53,Nacka,Dovydas Andriejauskas,NOT FOUND,076-217 01 05,Dovydas Andriejauskas,,,,,,
Dbe Entreprenad Ab,4745000,Storvretsvägen 66,147 54,Tumba,Bratislav Bankovic,NOT FOUND,NOT FOUND,Bratislav Bankovic,,,,,,
Debik Ab,11147000,Odlarstigen 1,147 92,Grödinge,David Jantbelidze,NOT FOUND,NOT FOUND,David Jantbelidze,,,,,,
Deepak Kumar Chhatry,SKIPPED - Low Revenue,,,,,,,,,,,,,,
Delta Group Ab,27974000,Lövdalsvägen 32 a,141 73,Segeltorp,Grisejld Zhupa,info@deltagroupab.com,072-506 22 52,Grisejld Zhupa,,,,,,
Delta Trädgårdsanläggningar Ab,30981000,Vintervägen 33,169 54,Solna,Mattheos Kouvatsis,info@deltamark.se,08-730 35 50,Mattheos Kouvatsis,,,,,,
Demfabygg Entreprenad Ab,8824000,Ekholmsvägen 23,127 48,Skärholmen,Samir Demir,NOT FOUND,NOT FOUND,Samir Demir,,,,,,
Destroy Rebuilding Company Aktiebolag,64068000,Smärgelvägen 9 a,142 50,Skogås,Johan Erik Georg Ahlström,johan@destroyer.se,08-646 39 60,Johan Erik Georg Ahlström,,,,,,
Devi Trädgård Ab,6363000,Tellusvägen 23,191 47,Sollentuna,Indraj Kumar Shikar Puri,NOT FOUND,NOT FOUND,Indraj Kumar Shikar Puri,,,,,,
Diamond Express Åkeri Ab,8694000,Herkulesvägen 8 b,141 44,Huddinge,Charles Onuora,NOT FOUND,070-716 18 11,Charles Onuora,,,,,,
Din Bil Sverige Ab,17919994000,Hammarby Fabriksväg 45,120 30,Stockholm,Jens Fredrik Wetterfors,NOT FOUND,08-503 330 00,NOT FOUND,,,,,,
Din Lokala Hjälpreda I Lidingö Ab,24056000,Båtsmansvägen 8,181 41,Lidingö,Jonny Thörn,jonny@dinhjalpreda.se,08-519 933 00,NOT FOUND,,,,,,
Direktstäd I Stockholm Ab,48304000,Bergslagsvägen 49,168 76,Bromma,Surjiwan Singh,NOT FOUND,NOT FOUND,DS investpartner holding AB,,,,,,
Dk Logistics Ab,3605000,Skrågatan 1 Lgh 1201,722 20,Västerås,Ifra Hassan,NOT FOUND,NOT FOUND,Ifra Hassan,,,,,,
Dkm Montage Byggställningar Ab,17828000,Fabriksvägen 2,746 34,Bålsta,Andrei Myslivets,info@dkm-montage.se,073-502 17 31,DKM Holding AB,,,,,,
Dne Bygg Ab,SKIPPED - Konkurs,,,,,,,,,,,,,,
Dp Plåt & Bygg Ab,15709000,Speditionsvägen 37,142 50,Skogås,Ewert Danny Quiceno Restrepo,NOT FOUND,NOT FOUND,Ewert Danny Quiceno Restrepo,,,,,,
Dragates Bygg Ab,6484000,Ekvägen 12,147 33,Tumba,Dragisa Stevanovic,NOT FOUND,072-935 58 95,Dragisa Stevanovic,,,,,,
Dsmo-Center Ab,203212000,Karins Väg 5,194 61,Upplands Väsby,Adi Dov Ravid,info@desmocenter.se,08-745 08 07,Adi Dov Ravid,,,,,,
Dts I Stockholm Ab,2445000,Kilsmogatan 12,124 70,Bandhagen,Rekha Devi,dts@dtsbygg.se,08-739 09 02,Rekha Devi,,,,,,
Dv Ställningar Ab,SKIPPED - Konkurs,,,,,,,,,,,,,,
Dynamic Bygg Ab,25643000,Sommarbo 209,137 67,Jordbro,NOT FOUND,kontakt@dynamicbygg.se,NOT FOUND,NOT FOUND,,,,,,
Dynamic Partners Ab,12186000,Anläggarvägen 32-34,136 44,Handen,NOT FOUND,NOT FOUND,NOT FOUND,NOT FOUND,,,,,,
Dynamo Bygg & Platt Ab,36014000,Skebokvarnsvägen 165,124 52,Bandhagen,Valentin Sundström,info@dynamobygg.se,0707220869,NOT FOUND,,,,,,
Däckexperten I Brandbergen Ab,8425000,Träffgatan 4,136 44,Handen,NOT FOUND,NOT FOUND,08-776 04 32,NOT FOUND,,,,,,
E&E Ventilation Stockholm Ab,109650000,Lyftkransvägen 3,142 50,Skogås,Elvir Jasarevic,,070-781 83 31,Re-dzo invest AB,,,,,,
Ea Motor Ab,25489000,Jättevägen 4,176 77,Järfälla,Emre Alici,emre@eamotor.se,,NOT FOUND,,,,,,
Ea Snickeri Ab,3989000,Lavendelvägen 13,145 74,Norsborg,Admir Luca,,,NOT FOUND,,,,,,
Ecotime Ab,15409000,Johanneslundsvägen 9 Fack 7,194 61,Upplands Väsby,Sven Johan Bäckman,,,ReGarden Nordic AB,,,,,,
Edina Stensättning Ab,29606000,Oxelgrensvägen 20 b,152 42,Södertälje,Fikret Facic,,073-969 50 81,NOT FOUND,,,,,,
Edwest Ab,0,Nils Kaggs Gata 7 d,254 54,Helsingborg,Ceyhun Abbasov,NOT FOUND,NOT FOUND,NOT FOUND,,,,,,
Eko-Service Skandinavien Ab,149325000,Kyrkhamnsvägen 2,165 72,Hässelby,Hans Peter Roman Walter,NOT FOUND,08-471 73 90,NOT FOUND,,,,,,
Ekram Entreprenad & Lagerservice Ab,11943000,Lugna Gatan 28,128 38,Skarpnäck,Renée Maria Anette Marké,NOT FOUND,NOT FOUND,NOT FOUND,,,,,,
Elektrosignal Infra Sthlm Ab,263521000,Pepparvägen 81,123 56,Farsta,Lars Fredrik Häggström,NOT FOUND,08-403 079 00,NOT FOUND,,,,,,
Elementum Eco Ab,42062000,Marma 105,741 93,Knivsta,Johan Bertil Strimbold,NOT FOUND,072-984 05 38,NOT FOUND,,,,,,
Elissa Smide Ab,15651000,Arosvägen 2,746 31,Bålsta,Mohammad Kane,,08-33 52 88,Mohammad Kane,,,,,,
Elitbud Uppsala Ab,14397000,Marknadsgatan 48,754 60,Uppsala,Vardan Vardanyan,,076-3377886,Vardan Vardanyan,,,,,,
Elithus I Stockholm Ab,18091000,Ripvägen 15,139 41,Värmdö,Misha Istratov,info@elithus.se,070-979 77 97,Misha Istratov,,,,,,
Elkraftbyrån I Göteborg Ab,14981000,Urmakarns Väg 1,442 97,Kode,Björn Erik Gustav Börjesson,,,Björn Erik Gustav Börjesson,,,,,,
Emab Anläggning Syd Ab,21452000,Lagervägen 11,142 91,Skogås,Per David Wickman,david.wickman@emab-gruppen.se,08-32 60 00,EMAB-Gruppen AB,,,,,,
Emmanik Bygg Och Mark Ab,3235000,Järnvägsgatan 29,646 34,Gnesta,Besime Xhema,NOT FOUND,NOT FOUND,NOT FOUND,,,,,,
Eneka Bygg Ab,12582000,Lillhagsvägen 8 Lgh 1401,124 71,Bandhagen,Kiryl Sabko,NOT FOUND,NOT FOUND,NOT FOUND,,,,,,
Enp Entreprenad Ab,46191000,Norrbyvägen 2,168 69,Bromma,Armend Hajdaraj,NOT FOUND,08-722 23 52,NOT FOUND,,,,,,
Enskede Bad Och Bygg Ab,3575000,Västra Finnbodavägen 2,131 30,Nacka,Patrik Bölzner,info@enskede-bygg.se,072-3330050,NOT FOUND,,,,,,
Entry Ab,SKIPPED - Not Found,,,,,,,,,,,,,,
Eot Bygg Ab,23085000,Riddarstigen 5,183 30,Täby,Jesper Mikael Göransson,,076-297 90 49,,,,,,,
Erikas Tak & Bygg Ab,6257000,Mörtnäs Hagväg 1,134 44,Gustavsberg,Svyatoslav Tymofeyev,,08-408 328 85,,,,,,,
Esr Fastighetsservice Ab,4015000,Skogvaktarestigen 6,192 51,Sollentuna,Ernesto Juan Silva Rosario,,,,,,,,
Essil Vent Ab,SKIPPED - Low Revenue,,,,,,,,,,,,,,
Estpol Måleri Ab,SKIPPED - Konkurs,,,,,,,,,,,,,,
Etni Ab,78802000,Fållnäsgatan 64,122 48,Enskede,Björn Gustav Olovsson,NOT FOUND,NOT FOUND,Björn Gustav Olovsson,,,,,,
Experten Group Service Sverige Ab,150774000,Avestagatan 61,163 53,Spånga,Tore Erik Hult,NOT FOUND,020-10 00 52,Experten Group Sverige AB,,,,,,
Express Nord Ab,SKIPPED - Konkurs,,,,,,,,,,,,,,
Fasad Partner I Stockholm Ab,4893000,Kilsmogatan 5 Lgh 1102,124 70,Bandhagen,Mirzet Cosic,NOT FOUND,NOT FOUND,NOT FOUND,,,,,,
Fast Pris Move Ab,6243000,Cementvägen 31,136 50,Jordbro,Marko Djinovic,NOT FOUND,NOT FOUND,Marko Djinovic,,,,,,
Femic Construction Group Ab,8106000,Fagerlidsvägen 29,146 30,Tullinge,Miroslav Femic,NOT FOUND,NOT FOUND,NOT FOUND,,,,,,
Ferhat Kanat,SKIPPED - Not Found,,,,,,,,,,,,,,
Ferreus Weld Production Ab,SKIPPED - Not Found,,,,,,,,,,,,,,
Fleetcenter Täby Ab,32021000,Eldarvägen 5,187 75,Täby,Robert Erik Persson,NOT FOUND,070-743 40 91,NOT FOUND,,,,,,
Flexrock Sverige Ab,83378000,Sporregatan 20,213 77,Malmö,Konstantins Abrazejs,NOT FOUND,NOT FOUND,NOT FOUND,,,,,,
Flexzon Ab,10987000,Postia 1112,214 13,Malmö,Nafia Khainan Nafe,NOT FOUND,NOT FOUND,NOT FOUND,,,,,,
Flir Systems Aktiebolag,2924259000,Antennvägen 6,187 66,Täby,Tord Rickard Lindvall,NOT FOUND,08-753 25 00,FLIR Systems Holding AB,,,,,,
Flyttfabriken Ab,11344000,Östermalmstorg 1,114 42,Stockholm,Alizade Kashimov,info@flyttfabriken.se,08-515 100 99,NOT FOUND,,,,,,
Fm Byggstruktur Ab,SKIPPED - Konkurs,,,,,,,,,,,,,,
Fm Entreprenad Ab,7040000,Lundagatan 8,619 34,Trosa,Elin Anna Carina Kadouri,NOT FOUND,NOT FOUND,NOT FOUND,,,,,,
Fms Bygg Och Fastighetsservice Ab,128298000,Paternostervägen 37,121 49,Johanneshov,Maher Abu Zarur,NOT FOUND,NOT FOUND,FMS Holding AB,,,,,,
Forbs Ab,57359000,Armégatan 40,171 71,Solna,Jan Kotkas,jan@forbsab.se,073-569 40 18,Jan Kotkas,,,,,,
Forbs Byggservice Ab,26002000,Artillerigatan 6,114 51,Stockholm,Maksym Shevchuk,NOT FOUND,076-326 43 70,Maksym Shevchuk,,,,,,
Frank & Skyttberg Construction Company Ab,56342000,Albybergsringen 105,137 69,Österhaninge,Andreas Mikael Skyttberg,andreas@frankskyttberg.se,070-632 32 33,Frank & Skyttberg Holding AB,,,,,,
Frans.Y Byggentreprenad Ab,4354000,Viveka Trolles Gränd 7 Lgh 1201,165 54,Hässelby,Frans Malak Yacoub,info@kamyfrn.se,073-557 88 83,Frans Malak Yacoub,,,,,,
Friss Och Fniss Bygger Ab,2729000,Berghällsvägen 7,163 45,Spånga,Malin T K Halvarsson Petrovic,NOT FOUND,NOT FOUND,NOT FOUND,,,,,,
Frohe Aktiebolag,53244000,Strömfallsvägen 4,135 49,Tyresö,Johanna Michaela Runeberg Nilsson,NOT FOUND,NOT FOUND,NOT FOUND,,,,,,
Front Rk Ab,324621000,Mått Johanssons Väg 38-40,633 46,Eskilstuna,Carl Marcus Karlsson,NOT FOUND,016-17 11 30,NOT FOUND,,,,,,
Fruängens Golv & Betong Ab,123667000,Harpsundsvägen 162,124 59,Bandhagen,Fredrik Magnus Klingsell,NOT FOUND,08-645 71 20,NOT FOUND,,,,,,
Future Mobility Ab,87131000,Dåntorpsvägen 30,136 50,Jordbro,Fanny Alexandra Larsson,NOT FOUND,NOT FOUND,NOT FOUND,,,,,,
Fågelbro Styrinstallation Ab,10677000,Eslövsvägen 2,121 51,Johanneshov,Eric Jonas Sixten Carlsson,info@fagelbrostyr.se,070-715 78 25,Eric Jonas Sixten Carlsson,,,,,,
Förlängda Armen Aktiebolag,155241000,Passadvägen 10,177 70,Järfälla,Christian Yngve Andersson,info@farmen.se,08-598 450 00,NOT FOUND,,,,,,
Garol Utemiljö Ab,92890000,Skarprättarvägen 1 a Lokal 9,176 77,Järfälla,Andreas Lars Rask,info@garol.se,08-408 922 00,NOT FOUND,,,,,,
Gd Byggentreprenad Ab,36334000,Kaptensvägen 10,136 70,Vendelsö,Liridon Doqaj,NOT FOUND,072-722 44 42,NOT FOUND,,,,,,
Gebestams Bil & Plåt Aktiebolag,18919000,Fjällsta Gård 204,195 91,Märsta,Eric Stefan Gebestam,NOT FOUND,08-591 196 70,NOT FOUND,,,,,,
Gh Motor Östermalm Ab,16158000,Valhallavägen 161,115 53,Stockholm,Gleb Harczuk,NOT FOUND,08-662 60 65,Harchuk Holding AB,,,,,,
Gillis Ställningar Ab,32150000,Förrådsgränd 7,162 50,VÄLLINGBY,Ruzdija Gille Sabovic,gille.sabovic@gillisstallningar.se,070-752 43 04,NOT FOUND,,,,,,
Gipsproffsen I Sverige Ab,93660000,Vendevägen 87,182 32,Danderyd,Oskar Martin Stenberg,NOT FOUND,NOT FOUND,OSST Holding AB,,,,,,
Giroventilation Ab,SKIPPED - Not Found,,,,,,,,,,,,,,
Gmb Stockholmsschakt Ab,150814000,Vallstigen 1,142 51,SKOGÅS,Sebastian Kenth Gifting,gmb@stockholmsschakt.se,08-88 81 51,Stockholm Investment Group AB,,,,,,
Golvbevakning I Stockholm Ab,,,,,,,,,,,,,,
Golvprojekt Keramik I Stockholm Ab,,,,,,,,,,,,,,
Gorkha Trädgård & Städservice Hb,,,,,,,,,,,,,,
Gpk Nord Allservice Ab,,,,,,,,,,,,,,
Gps Auto Service Aktiebolag,,,,,,,,,,,,,,
Gr Betong Ab,48010000,Spjutvägen 5 a,175 61,Järfälla,Gatis Ritenieks,NOT FOUND,NOT FOUND,GR Sweden Holding AB,,,,,,
Gr Construction Ab,136044000,Gustav III:s Boulevard 20,169 73,Solna,Gatis Ritenieks,NOT FOUND,070-788 95 55,GR Sweden Holding AB,,,,,,
Grabbarna Bygg Ab,4378000,Observatoriegatan 4,113 29,Stockholm,Hamza Dhahri,NOT FOUND,072-321 19 93,NOT FOUND,,,,,,
Grabbarna Flytt Sweden Ab,69960000,Alströmergatan 51,112 47,Stockholm,Rudolf Wilhelm Bomansson Ekström,info@grabbarnaflytt.se,070-292 92 284,Nordic Home Services Group AB,,,,,,
Gran Entreprenad Ab,SKIPPED - Konkurs,,,,,,,,,,,,,,
Grand Construction Stockholm Ab,13734000,Elsa Borgs Gata 20,129 53,Hägersten,Rustam Melikov,kundservice@grandconstruction.se,072 046 22 22,NOT FOUND,,,,,,
Grem Stockholm Bygg Ab,9606000,Vegagatan 8,172 34,Sundbyberg,NOT FOUND,NOT FOUND,070-7897481,NOT FOUND,,,,,,
Grindstugans Bygg Och Platt Ab,27279000,Skrinnarstigen 2 a,146 35,Tullinge,NOT FOUND,info@grindstugansbyggoplatt.se,0707-33 97 95,NOT FOUND,,,,,,
Gripsholms Prefab Ab,22588000,Hammarvägen 8,647 33,Mariefred,NOT FOUND,NOT FOUND,NOT FOUND,NOT FOUND,,,,,,
Gröna Hem Ab,4514000,Helsingforsgatan 19 Lgh 1003,164 78,Kista,Jashanreep Singh,NOT FOUND,NOT FOUND,NOT FOUND,,,,,,
Gröna Jätten Ab,SKIPPED - Konkurs,,,,,,,,,,,,,,
Grönsaksgrossisten Johansson & Lindström Ab,85099000,Uppköparvägen 6,120 44,Årsta,Rifki Bozkurt,info@ggross.se,08-556 135 20,Boz Konsult AB,,,,,,
Grönt Svensk Trädgård Ab,SKIPPED - Konkurs,,,,,,,,,,,,,,
Gt Grundteknik,13336000,Packstensgränd 5,162 50,Vällingby,Jan Peter Svenheim,gt@grundteknik.se,070-587 33 50,NOT FOUND,,,,,,
Gtab Ab,44103000,Mörtnäs Hagväg 1,139 36,Värmdö,Johnny Göran Widlund,NOT FOUND,070-400 40 98,Kelistno Invest AB,,,,,,
Gtms Ab,19389000,Allmogevägen 3 LGH 1204,177 57,Järfälla,Gagan Gurminder Singh,info@gtmsab.com,073-652 50 63,Gagan Gurminder Singh,,,,,,
Gts Markservice Ab,9386000,Kritstigen 12,196 33,Kungsängen,Inder Singh,info@gtsmarkservice.se,073-741 25 92,Inder Singh,,,,,,
Gw Asfalt & Trädgårdsanläggningar Aktiebolag,197203000,Lillängsvägen 24,136 72,Vendelsö,Carl Jonas Erik Blenninger,Carl.blenninger@gwasfalt.se,072-4657956,NOT FOUND,,,,,,
H2gs Ab,SKIPPED - Not Found,,,,,,,,,,,,,,
Habitek Utemiljö Ab,SKIPPED - Konkurs,,,,,,,,,,,,,,
Hagabetong Bygg Ab,14875000,Langelandsgatan 6 Lgh 1202,164 43,Kista,Ergin Cifci,ergin@hagabetong.se,0700217939,Ergin Cifci,,,,,,
Hagmans Bilservice I Tumba Ab,24020000,Söderby Gårds Väg 69,144 51,Rönninge,Cvijetin Grujicic,NOT FOUND,08-530 340 10,Hagmans Invest AB,,,,,,
Hallproman Sverige Ab,11016000,Solberga Hagväg 18 Lgh 1402,125 44,Älvsjö,Dilshod Asadov,NOT FOUND,073-770 01 00,Dilshod Asadov,,,,,,
Hana Yoossef,SKIPPED - Low Revenue,,,,,,,,,,,,,,
Haninge Byggarna Ab,7226000,Cementvägen 34,136 50,Jordbro,Jamshaid Ur Rehman Anwar,NOT FOUND,0722538722,Jamshaid Ur Rehman Anwar,,,,,,
Haninge Grävtjänst Ab,,,,,,,,,,,,,,
Hans Miljömark Handelsbolag,,,,,,,,,,,,,,
Hasins Bygg Platt Ab,,,,,,,,,,,,,,
Hedermann Entreprenad Ab,,,,,,,,,,,,,,
Heimdall Industrigolv Ab,,,,,,,,,,,,,,
Hellgren Engineering Ab,,,,,,,,,,,,,,
Hemfrid I Sverige Ab,,,,,,,,,,,,,,
Hersby Bygg Aktiebolag,,,,,,,,,,,,,,
Highcon Ab,,,,,,,,,,,,,,
Holmsund Construction Ab,,,,,,,,,,,,,,
Hs Betong Aktiebolag,,,,,,,,,,,,,,
Huddinge Billack Ab,,,,,,,,,,,,,,
Hus Hem Hantverk Stockholm Ab,,,,,,,,,,,,,,
Huvudsta Motorcenter Ab,,,,,,,,,,,,,,
Hydraulpump Svenska Ab,,,,,,,,,,,,,,
Hyrex Ab,,,,,,,,,,,,,,
Hälsovent Plus Ab,,,,,,,,,,,,,,
Ica Sverige Ab,,,,,,,,,,,,,,
Idola Solkraft Ab,,,,,,,,,,,,,,
Idow Sprinkler Ab,,,,,,,,,,,,,,
Iklj Service Group,,,,,,,,,,,,,,
Imont Ab,,,,,,,,,,,,,,
Improvent Stockholm Ab,,,,,,,,,,,,,,
In And Out Måleri Ab,,,,,,,,,,,,,,
Inder Singh,,,,,,,,,,,,,,
Intermekano Tools Aktiebolag,,,,,,,,,,,,,,
Invek Ab,,,,,,,,,,,,,,
Ir Mont Sweden Ab,,,,,,,,,,,,,,
Isoekspert Isolering Ab,,,,,,,,,,,,,,
It Underhåll Stockholm Aktiebolag,,,,,,,,,,,,,,
Ittefaq Transport Ab,,,,,,,,,,,,,,
J&S Markservice Ab,,,,,,,,,,,,,,
Jabbi All Services Ab,,,,,,,,,,,,,,
Jacksons Trädvård Ab,,,,,,,,,,,,,,
Jannes Vent Ab,,,,,,,,,,,,,,
Janush Gräv Och Bygg Ab,,,,,,,,,,,,,,
Jb Mark & Bygg Ab,,,,,,,,,,,,,,
Jdl Måleri & Bygg Ab,,,,,,,,,,,,,,
Jeppe Hjälper Till Ab,,,,,,,,,,,,,,
Jimmy Bygg Och Transport Ab,,,,,,,,,,,,,,
Jm11 Åkeri Ab,,,,,,,,,,,,,,
Jme Elbolaget Ab,,,,,,,,,,,,,,
Jobryan Bygg Ab,,,,,,,,,,,,,,
Jom Bygg&Snickeri Ab,,,,,,,,,,,,,,
Jony International Ab,,,,,,,,,,,,,,
Jordbro Miljö & Trädgård Ab,,,,,,,,,,,,,,
Jp Movers Ab,,,,,,,,,,,,,,
Jpc Montage Ab,,,,,,,,,,,,,,
Jr Riv & Bygg Ab,,,,,,,,,,,,,,
Julis Bygg Ab,,,,,,,,,,,,,,
Julles Mark Och Anläggning Ab,,,,,,,,,,,,,,
Jwd Entreprenad Ab,,,,,,,,,,,,,,
Järnet Smide Stockholm Ab,,,,,,,,,,,,,,
K - Erikssons Bilservice Ab,,,,,,,,,,,,,,
K W Construction Ab,,,,,,,,,,,,,,
K&B Service Sverige Ab,,,,,,,,,,,,,,
K.M.1 Bygg Ab,,,,,,,,,,,,,,
Kalemi Entreprenad Ab,,,,,,,,,,,,,,
Kamenica Bygg & Balkongteknik Ab,,,,,,,,,,,,,,
Kaminbutiken I Järna Ab,,,,,,,,,,,,,,
Kanitas Ab,,,,,,,,,,,,,,
Kargad Transport Ab,,,,,,,,,,,,,,
Karlsson Golv Och Badrum Ab,,,,,,,,,,,,,,
Keolis Sverige Ab,,,,,,,,,,,,,,
Keops Ab,,,,,,,,,,,,,,
Kharel Service Ab,,,,,,,,,,,,,,
Kilda Ab,,,,,,,,,,,,,,
Kj - Ställningar Ab,,,,,,,,,,,,,,
Knk Elmannen Ab,,,,,,,,,,,,,,
Konsult 2000 Ab,,,,,,,,,,,,,,
Kornets Akustik Aktiebolag,,,,,,,,,,,,,,
Korpilombolo United Aktiebolag,,,,,,,,,,,,,,
Krafta Entreprenad Ab,,,,,,,,,,,,,,
Kristall Bygg & Vvs Ab,,,,,,,,,,,,,,
Kronans Tak & Fasad Plåtslageri Ab,,,,,,,,,,,,,,
Kronkök Ab,,,,,,,,,,,,,,
Krystel Miljömark Ab,,,,,,,,,,,,,,
Kti Sverige Ab,,,,,,,,,,,,,,
Kurtson Klimat Ab,,,,,,,,,,,,,,
Kvist Skandinavien Ab,,,,,,,,,,,,,,
L&D Sthlm Ab,,,,,,,,,,,,,,
Lackea Ab,,,,,,,,,,,,,,
Lackon I Stockholm Ab,,,,,,,,,,,,,,
Lamendo Ab,,,,,,,,,,,,,,
Langöe & Conradsen Ab,,,,,,,,,,,,,,
Latif Ali Mohammad,,,,,,,,,,,,,,
Latif Services Ab,,,,,,,,,,,,,,
Lavid Group Ab,,,,,,,,,,,,,,
Lc Parkett Ab,,,,,,,,,,,,,,
Lekplatskonsulten Sureplay Ab,,,,,,,,,,,,,,
Leni Entreprenad Ab,,,,,,,,,,,,,,
Lidl Sverige Kb,,,,,,,,,,,,,,
Liftab, Lidingö Flytt Och Transport Ab,,,,,,,,,,,,,
Likana Bygg & Platt Ab,,,,,,,,,,,,,,
Liljeholmens Måleri Ab,,,,,,,,,,,,,,
Limpeza Bygg & Inredning Djursholm Ab,,,,,,,,,,,,,,
Lindmarks Bygg Ab,,,,,,,,,,,,,,
Lindus Ab,,,,,,,,,,,,,,
Lins Bygg Ab,,,,,,,,,,,,,,
Lissettes Städ Och Trädgård Ab,,,,,,,,,,,,,,
Lp Mark Och Anläggning Ab,,,,,,,,,,,,,,
Ls Tak Sverige Ab,,,,,,,,,,,,,,
Luftis Ab,,,,,,,,,,,,,,
Lännbacka Ab,,,,,,,,,,,,,,
Lövhagen Mark & Trädgård I Upplands Väsby Ab,,,,,,,,,,,,,,
M Mark O Bygg Ab,,,,,,,,,,,,,,
M&C Effektiv Bygg Ab,,,,,,,,,,,,,,
M.M Mek-Mek Entreprenad Ab,,,,,,,,,,,,,,
M.M Persienner Ab,,,,,,,,,,,,,,
M3 Schakt Ab,,,,,,,,,,,,,,
Made2last Bygg Sthlm Ab,,,,,,,,,,,,,,
Mahmuda Transport Ab,,,,,,,,,,,,,,
Maksimovic Lazar Markanläggning Ab,,,,,,,,,,,,,,
Malek Trädgårdsservice Ab,,,,,,,,,,,,,,
Malmstens Måleri Och Färgsättning Ab,,,,,,,,,,,,,,
Marguerre Abi Haidar, Christina,,,,,,,,,,,,,
Marius Motors Ab,,,,,,,,,,,,,,
Mark & Bygg I Älta Ab,,,,,,,,,,,,,,
Markabygg Ab,,,,,,,,,,,,,,
Markbolag I Sthlm Ab,,,,,,,,,,,,,,
Markexperten Roos Ab,,,,,,,,,,,,,,
Markishuset-Stijo-Inredningar Aktiebolag,,,,,,,,,,,,,,
Markservice Sthml Ab,,,,,,,,,,,,,,
Maroof Trädgård Ab,,,,,,,,,,,,,,
Maskin & Truckex Ab,,,,,,,,,,,,,,
Matenco Ab,,,,,,,,,,,,,,
Mattssons Auto Center Ab,,,,,,,,,,,,,,
Max Platt Ab,,,,,,,,,,,,,,
Maximum Kakel & Bygg Ab,,,,,,,,,,,,,,
Maxven Ab,,,,,,,,,,,,,,
Mckh Gipsputs Ab,,,,,,,,,,,,,,
Meter Bygg & Entreprenad Ab,,,,,,,,,,,,,,
Metrolit Byggnads Aktiebolag,,,,,,,,,,,,,,
Mhn Bygg Ab,,,,,,,,,,,,,,
Midsummer Ab,,,,,,,,,,,,,,
Milad Bygg Ab,,,,,,,,,,,,,,
Milael Ab,,,,,,,,,,,,,,
Miljö Och Trädgård Entreprenad Sverige Ab,,,,,,,,,,,,,,
Min Bil Stockholm Söder Ab,,,,,,,,,,,,,,
Mina Bygg Ab,,,,,,,,,,,,,,
Minbil I Stockholm Ab,,,,,,,,,,,,,,
Minnovation International Ab,,,,,,,,,,,,,,
Mishka Bygg & Transport Ab,,,,,,,,,,,,,,
Mitri Adel Nassif Lewiz,,,,,,,,,,,,,,
Mitter Entreprenad Ab,,,,,,,,,,,,,,
Mj Tak Entreprenad Ab,,,,,,,,,,,,,,
Mjm Plattsättning Ab,,,,,,,,,,,,,,
Mjuma Bygg Ab,,,,,,,,,,,,,,
Mk Platt I Sverige Ab,,,,,,,,,,,,,,
Mk08 Bygg & Inredningsdesign Ab,,,,,,,,,,,,,,
Ml Demo Ab,,,,,,,,,,,,,,
M-Leverans Ab,,,,,,,,,,,,,,
Mlyniv Ab,,,,,,,,,,,,,,
Mobos Ab,,,,,,,,,,,,,,
Modern Bygg Mb Ab,,,,,,,,,,,,,,
Molöf Bygg Ab,,,,,,,,,,,,,,
Montera I Storfors Betong Ab,,,,,,,,,,,,,,
Motor-Center I Nynäs Ab,,,,,,,,,,,,,,
Movs Technology Group Ab,,,,,,,,,,,,,,
Muci Bygg Ab,,,,,,,,,,,,,,
Multibygg Tak Svea Ab,,,,,,,,,,,,,,
Mv Entreprenad & Mark Ab,,,,,,,,,,,,,,
Mv Gruppen Nordiska Ab,,,,,,,,,,,,,,
Mykos Plattsättning Ab,,,,,,,,,,,,,,
Mza Gruppen Ab,,,,,,,,,,,,,,
Mälarö Odling Ab,,,,,,,,,,,,,,
N&S Group Ab,,,,,,,,,,,,,,
N.T Elektro Ab,,,,,,,,,,,,,,
Nacka Bygg & Platt Ab,,,,,,,,,,,,,,
Nacka Vvs Teknik Och Fastighet Ab,,,,,,,,,,,,,,
Nadalex Ab,,,,,,,,,,,,,,
Nator Ab,,,,,,,,,,,,,,
Nator Personal Ab,,,,,,,,,,,,,,
Nica Tak Entreprenad Ab,,,,,,,,,,,,,,
Nitext Ab,,,,,,,,,,,,,,
Nobina Sverige Ab,,,,,,,,,,,,,,
Nordcon Entreprenad Stockholm Ab,,,,,,,,,,,,,,
Norden Transport Ab,,,,,,,,,,,,,,
Nordgren Och Partner Ab,,,,,,,,,,,,,,
Nordh Bygg Ab,,,,,,,,,,,,,,
Nordic House Construction Aktiebolag,,,,,,,,,,,,,,
Nordic Stretch Tents Ab,,,,,,,,,,,,,,
Nordic Taxi Och Gods Transport Ab,,,,,,,,,,,,,,
Nordimet Sweden Ab,,,,,,,,,,,,,,
Nordwall Marin Aktiebolag,,,,,,,,,,,,,,
Norrland Va Ab,,,,,,,,,,,,,,
Norsa Markentreprenader Ab,,,,,,,,,,,,,,
Np Gruppen Ab,,,,,,,,,,,,,,
Npn Bygg Sthlm Ab,,,,,,,,,,,,,,
Nq Sthlm Bilverkstad Ab,,,,,,,,,,,,,,
Nsa Entreprenad Ab,,,,,,,,,,,,,,
Nsa Ventilation Ab,,,,,,,,,,,,,,
Nybohov Ställning Ab,,,,,,,,,,,,,,
Nynäs Ställning Ab,,,,,,,,,,,,,,
O Herzfeld Bygg & Besiktning Ab,,,,,,,,,,,,,,
O.B. Wiik Ab,,,,,,,,,,,,,,
Olivia Solution Ab,,,,,,,,,,,,,,
Olle Sahlén´s Bygg & Projektledning Aktiebolag,,,,,,,,,,,,,,
Olofssons Måleri & Fastighetsservice Ab,,,,,,,,,,,,,,
One Punch Ab,,,,,,,,,,,,,,
Optimal Mark & Skötsel I Stockholm Ab,,,,,,,,,,,,,,
Orazio Vignuolo Bil & Plåt Aktiebolag,,,,,,,,,,,,,,
Orca Entreprenad Ab,,,,,,,,,,,,,,
Orient Trädgård & Service Ab,,,,,,,,,,,,,,
Original Bilvård Ab,,,,,,,,,,,,,,
Original Taxi Sverige Ab,,,,,,,,,,,,,,
Oxykor Ab,,,,,,,,,,,,,,
P & M Stockholm Ab,,,,,,,,,,,,,,
Pakta Förvaltning Ab,,,,,,,,,,,,,,
Partbyggen I Kalix Ab,,,,,,,,,,,,,,
Pelu . Smide & Bygg Ab,,,,,,,,,,,,,,
Percy & Conny Hamberg Entreprenad Aktiebolag,,,,,,,,,,,,,,
Perfect Platt Stockholm Ab,,,,,,,,,,,,,,
Personalplatsen Sverige Ab,,,,,,,,,,,,,,
Pesko Tech Ab,,,,,,,,,,,,,,
Pinteri Ab,,,,,,,,,,,,,,
Plus Montage Ab,,,,,,,,,,,,,,
Plåt & Ventilation Teknik Pvt I Arvika Aktiebola,,,,,,,,,,,,,,
Ponces Bygg Ab,,,,,,,,,,,,,,
Pramit Construction Filial,,,,,,,,,,,,,,
Predrag Ivkovic,,,,,,,,,,,,,,
Preo Express Aktiebolag,,,,,,,,,,,,,,
Procella Ventilation Aktiebolag,,,,,,,,,,,,,,
Proferrum Ab,,,,,,,,,,,,,,
Proingbygg Stockholm Ab,,,,,,,,,,,,,,
Projexan Ab,,,,,,,,,,,,,,
Ps Motor Ab,,,,,,,,,,,,,,
Psp Ventilation Ab,,,,,,,,,,,,,,
Puzzel Bygg&Måleri Stochmal Handelsbolag,,,,,,,,,,,,,,
Pär Dynesius Ab,,,,,,,,,,,,,,
Q M Gods & Transport Ab,,,,,,,,,,,,,,
Qibbla Halal Kött Ab,,,,,,,,,,,,,,
Q-Nox Bygg Ab,,,,,,,,,,,,,,
Quality Carwash Norrort Ab,,,,,,,,,,,,,,
R.M. Öhmans Bygg & Fastighets Aktiebolag,,,,,,,,,,,,,,
R.Wajda Bygg & Plattsättning Ab,,,,,,,,,,,,,,
R:Ens Fastighetsservice Aktiebolag,,,,,,,,,,,,,,
Radoslav Urosevic,,,,,,,,,,,,,,
Rainbow Services Ab,,,,,,,,,,,,,,
Rapid Hyrställningar Ab,,,,,,,,,,,,,,
Rbk Entreprenad Ab,,,,,,,,,,,,,,
Reflex Autolack Ab,,,,,,,,,,,,,,
Regal Staket & Smide Ab,,,,,,,,,,,,,,
Regarden Nordic Ab,,,,,,,,,,,,,,
Renby Ab,,,,,,,,,,,,,,
Renovar Golv & Bygg Ab,,,,,,,,,,,,,,
Revent International Aktiebolag,,,,,,,,,,,,,,
Rf Bilservice,,,,,,,,,,,,,,
Rgab Renoveragolv Ab,,,,,,,,,,,,,,
Rh Bygg & Snickeri Ab,,,,,,,,,,,,,,
Rh Stockholm Takentreprenad Ab,,,,,,,,,,,,,,
Ri Plattsättning Ab,,,,,,,,,,,,,,
Richard Lennholm Bygg Ab,,,,,,,,,,,,,,
Rissne Entreprenad Ab,,,,,,,,,,,,,,
Rita Sharma,,,,,,,,,,,,,,
Rival Bygg Rivning Demontering Ab,,,,,,,,,,,,,,
Rks Mark & Trädgård Ab,,,,,,,,,,,,,,
Rm-Ap Entreprenad Ab,,,,,,,,,,,,,,
Rnj Bygg Ab,,,,,,,,,,,,,,
Ropsten Bygg Ab,,,,,,,,,,,,,,
Roslagens Håltagning Ab,,,,,,,,,,,,,,
Rt Logistik Ab,,,,,,,,,,,,,,
Rt Transport Stockholm Ab,,,,,,,,,,,,,,
Rugu Bygg Ab,,,,,,,,,,,,,,
Rybak Bygg Ab,,,,,,,,,,,,,,
Råsunda Bygg Ab,,,,,,,,,,,,,,
Rönninge Ventilation Ab,,,,,,,,,,,,,,
Rör & Processinstallation I Nyköping Ab,,,,,,,,,,,,,,
S F Green Ab,,,,,,,,,,,,,,
S.G Stambytesgruppen Vvs Ab,,,,,,,,,,,,,,
S.V Isolering & Riv Ab,,,,,,,,,,,,,,
Safecon Byggnadsställningar Ab,,,,,,,,,,,,,,
Samwel Bygg Ab,,,,,,,,,,,,,,
Sandströms Center Ab,,,,,,,,,,,,,,
Savana Invest Ab,,,,,,,,,,,,,,
Sb Stockholms Bygg Ab,,,,,,,,,,,,,,
Scaffo Bygg Byggnadsställningar Ab,,,,,,,,,,,,,,
Scan-Coor Cristalisering Aktiebolag,,,,,,,,,,,,,,
Scania Cv Aktiebolag,,,,,,,,,,,,,,
Scania Industrial Maintenance Aktiebolag,,,,,,,,,,,,,,
Sd Bygg Stockholm Ab,,,,,,,,,,,,,,
Segab, Svenska Entreprenad Gruppen Ab,,,,,,,,,,,,,
Seka Security I Stockholm Ab,,,,,,,,,,,,,,
Seltek Skandinavisk Elteknik Ab,,,,,,,,,,,,,,
Seppos Service Aktiebolag,,,,,,,,,,,,,,
Sever Consulting Ab,,,,,,,,,,,,,,
Sh Snickeri Ab,,,,,,,,,,,,,,
Sheron Ab,,,,,,,,,,,,,,
Shiv Shakti Trädgård & Städ Ab,,,,,,,,,,,,,,
Shiv Trädgård Ab,,,,,,,,,,,,,,
Sia Bygg Stockholm Ab,,,,,,,,,,,,,,
Sipeco Ab,,,,,,,,,,,,,,
Sk Mark & Trädgård Ab,,,,,,,,,,,,,,
Sk Trädgårdsservice Ab,,,,,,,,,,,,,,
Skan'D'Partners Ab,,,,,,,,,,,,,,
Skorstensbolaget I Stockholm Ab,,,,,,,,,,,,,,
Skorstenstätaren Skoglund Aktiebolag,,,,,,,,,,,,,,
Skrotfrag Aktiebolag,,,,,,,,,,,,,,
Skylt & Dekorfabriken I Stockholm Aktiebolag,,,,,,,,,,,,,,
Slotts Bil Aktiebolag,,,,,,,,,,,,,,
Sm Ventilation Stockholm Ab,,,,,,,,,,,,,,
Smajl Car Service Ab,,,,,,,,,,,,,,
Smb Skorstensfolket Ab,,,,,,,,,,,,,,
Smederna Sverige Ab,,,,,,,,,,,,,,
Smista Tak Ab,,,,,,,,,,,,,,
Snabb Bilservice I Alby Ab,,,,,,,,,,,,,,
Soldags Montage Ab,,,,,,,,,,,,,,
Sollentuna Interiörlack Ab,,,,,,,,,,,,,,
Soukra Entreprenad Ab,,,,,,,,,,,,,,
Southern Cross Contractor Ab,,,,,,,,,,,,,,
Spad Bygg Ab,,,,,,,,,,,,,,
Specialbetong Sverige Ab,,,,,,,,,,,,,,
Spånga Mur & Puts Ab,,,,,,,,,,,,,,
Ss Trädgårdsservice Ab,,,,,,,,,,,,,,
Sskm Ab,,,,,,,,,,,,,,
Sss Ventilationsmontage Ab,,,,,,,,,,,,,,
St:Maria Bygg Ab,,,,,,,,,,,,,,
Stabilegruppen Ab,,,,,,,,,,,,,,
Standart Bygg Ab,,,,,,,,,,,,,,
Stegra Ab,,,,,,,,,,,,,,
Stevos Storkök Aktiebolag,,,,,,,,,,,,,,
Sthlm 08 Entreprenad Ab,,,,,,,,,,,,,,
Sthlm Bil I Sätra Ab,,,,,,,,,,,,,,
Sthlm Byggalliance Ab,,,,,,,,,,,,,,
Sthlm Byggnads Och Miljö Ab,,,,,,,,,,,,,,
Sthlm Villarenovering Ab,,,,,,,,,,,,,,
Stiven Bilverkstad Ab,,,,,,,,,,,,,,
Stockholm Dmc Ab,,,,,,,,,,,,,,
Stockholm Eventsco Services Ab,,,,,,,,,,,,,,
Stockholm Exergi Ab,,,,,,,,,,,,,,
Stockholm Fasad & Konsult Ab,,,,,,,,,,,,,,
Stockholm Group Services Ab,,,,,,,,,,,,,,
Stockholm Kök Och Lackering Ab,,,,,,,,,,,,,,
Stockholm Parkett Och Golvslipning Ab,,,,,,,,,,,,,,
Stockholm Riv Och Asbestsanering Ab,,,,,,,,,,,,,,
Stockholm Rivteknik Ab,,,,,,,,,,,,,,
Stockholm´s Danielito Service Handelsbolag,,,,,,,,,,,,,,
Stockholms Bygg & Badrum Ab,,,,,,,,,,,,,,
Stockholms Elmiljö Ab,,,,,,,,,,,,,,
Stockholms Express Riv Ab,,,,,,,,,,,,,,
Stockholms Fasad & Ställnings Aktiebolag,,,,,,,,,,,,,,
Stockholms Platt & Matt Aktiebolag,,,,,,,,,,,,,,
Stofa Trädgård Ab,,,,,,,,,,,,,,
Stomkom Entreprenad Ab,,,,,,,,,,,,,,
Stonebreaker Stockholm Ab,,,,,,,,,,,,,,
Storvallen Bygg Ab,,,,,,,,,,,,,,
Strandcon Ab,,,,,,,,,,,,,,
Strands Luft Ab,,,,,,,,,,,,,,
Sts1 Atlantic Ab,,,,,,,,,,,,,,
Style Bygg Land Ab,,,,,,,,,,,,,,
Stålfreds Ab,,,,,,,,,,,,,,
Städcity Rent I Sverige Ab,,,,,,,,,,,,,,
Ställningspatrullen Ab,,,,,,,,,,,,,,
Submit Ab,,,,,,,,,,,,,,
Suez Recycling Ab,,,,,,,,,,,,,,
Sumpans Expressverkstad Kommanditbolag,,,,,,,,,,,,,,
Sundbybergs Plattsättning Entreprenad Aktiebolag,,,,,,,,,,,,,,
Sv Bygg & Konsult Ab,,,,,,,,,,,,,,
Svea Renewable Solar Ab,,,,,,,,,,,,,,
Sveair Ab,,,,,,,,,,,,,,
Svensk Entreprenadteknik Set Ab,,,,,,,,,,,,,,
Svensk Husgrund Helmers Ab,,,,,,,,,,,,,,
Svensk Parkmiljö Ab,,,,,,,,,,,,,,
Svensk Villarenovering Ab,,,,,,,,,,,,,,
Svenska Elspecialisten Ab,,,,,,,,,,,,,,
Svenska Köksproffsen Ab,,,,,,,,,,,,,,
Svenskt Kretslopp Ab,,,,,,,,,,,,,,
Sverige Stroj Ab,,,,,,,,,,,,,,
Svetsruv Ingenjör Ab,,,,,,,,,,,,,,
Swebel Bygg Ab,,,,,,,,,,,,,,
Swedag Ab,,,,,,,,,,,,,,
Sweden Bygg Kraft Ab,,,,,,,,,,,,,,
Sweden Green Care Ab,,,,,,,,,,,,,,
Swedish Service Group Ab,,,,,,,,,,,,,,
Swemål Bygg & Måleri Ab,,,,,,,,,,,,,,
Säkerhetsdörren Mälardalen Ab,,,,,,,,,,,,,,
Sätra Bilskadecenter Ab,,,,,,,,,,,,,,
Södertälje Industriservice Ab Isab,,,,,,,,,,,,,,
Södra Sidans Allservice Ab,,,,,,,,,,,,,,
Södra Vanadistvätten Ab,,,,,,,,,,,,,,
T Platt Och Design,,,,,,,,,,,,,,
Tapetservice I Vårby Ab,,,,,,,,,,,,,,
Tas Handelsbolag,,,,,,,,,,,,,,
Tb Spår&Anläggning Ab,,,,,,,,,,,,,,
Tba Transporter Aktiebolag,,,,,,,,,,,,,,
Tegelhantverk I Stockholm Ab,,,,,,,,,,,,,,
Tekno-Bygg I Stockholm Ab,,,,,,,,,,,,,,
Tepac Entreprenad Ab,,,,,,,,,,,,,,
Termorör Stockholm Ab,,,,,,,,,,,,,,
Tgr Vent Ab,,,,,,,,,,,,,,
Thp Kleaa Vvs Ab,,,,,,,,,,,,,,
Tiotak Ab,,,,,,,,,,,,,,
Tipi Bygg Ab,,,,,,,,,,,,,,
Tk Motorgruppen Ab,,,,,,,,,,,,,,
Tm Markmiljö Ab,,,,,,,,,,,,,,
Tm Sweden Ab,,,,,,,,,,,,,,
Tm Sweden Ab (Tesla),,,,,,,,,,,,,,
Todos De Obra Ab,,,,,,,,,,,,,,
Tomaris Bygg Ab,,,,,,,,,,,,,,
Tomaris Riv Ab,,,,,,,,,,,,,,
Toros De Obra Ab,,,,,,,,,,,,,,
Torvalla Bil Värmdö Ab,,,,,,,,,,,,,,
Torvalla Smide Ab,,,,,,,,,,,,,,
Total Allservice Sthlm Ab,,,,,,,,,,,,,,
Total Fönsterrenovering Stockholm Ab,,,,,,,,,,,,,,
Transperts Ab,,,,,,,,,,,,,,
Transport Cars Stockholm Ab,,,,,,,,,,,,,,
Trend Partner Sweden Ab,,,,,,,,,,,,,,
Trendab Bygg Ab,,,,,,,,,,,,,,
Trigono International Hb,,,,,,,,,,,,,,
Triumf Bygg Och Fastighet Gruppen Ab,,,,,,,,,,,,,,
Trädgård & Bemanning Sverige Ab,,,,,,,,,,,,,,
Trädgårdshuset Nissarna Ab,,,,,,,,,,,,,,
Ts Akustik Aktiebolag,,,,,,,,,,,,,,
Ts Stockholm Ab,,,,,,,,,,,,,,
Tumba Riv Och Sanering Ab,,,,,,,,,,,,,,
Tumba Tak Hb,,,,,,,,,,,,,,
Tumba Trädgårdsservice Ab,,,,,,,,,,,,,,
Turalex Ab,,,,,,,,,,,,,,
Tylömarks Trädgård Ab,,,,,,,,,,,,,,
Tyresö Svets Ab,,,,,,,,,,,,,,
Täby Car Clinic Ab,,,,,,,,,,,,,,
Ukrop Ab,,,,,,,,,,,,,,
Uni-Vent Rör Ab,,,,,,,,,,,,,,
Universalisolering Ab,,,,,,,,,,,,,,
Urban Auto Service I Järfälla Ab,,,,,,,,,,,,,,
Urbaser Ab,,,,,,,,,,,,,,
Usman Bygg Platt Ab,,,,,,,,,,,,,,
Utemiljöpartner Sverige Ab,,,,,,,,,,,,,,
U-V Plattsättning & Service Ab,,,,,,,,,,,,,,
V S M Bygg Plåt & Smide Ab,,,,,,,,,,,,,,
Valenta Kan Ab,,,,,,,,,,,,,,
Valesco Teknik Sverige Ab,,,,,,,,,,,,,,
Vallhorns Livs Ab,,,,,,,,,,,,,,
Vass Ab,,,,,,,,,,,,,,
Vc Construction Ab,,,,,,,,,,,,,,
Veho Bil Sverige Ab,,,,,,,,,,,,,,
Vent4vent Ab,,,,,,,,,,,,,,
Ventilation & Luftbehandling I Stockholm Ab,,,,,,,,,,,,,,
Ventilux Ab,,,,,,,,,,,,,,
Ventmontage Teknik Ab,,,,,,,,,,,,,,
Verdis Ab,,,,,,,,,,,,,,
Vgroup Ställning & Väderskydd Ab,,,,,,,,,,,,,,
Vh Toppbygg Ab,,,,,,,,,,,,,,
Victoria Golv Ab,,,,,,,,,,,,,,
Vikströms Byggnadsstallningar Ab,,,,,,,,,,,,,,
Vinn Transport Ab,,,,,,,,,,,,,,
Vinsta Bilservice Ab,,,,,,,,,,,,,,
Vitma Bygg Ab,,,,,,,,,,,,,,
Vitt Guld Ab,,,,,,,,,,,,,,
Voi Technology Ab,,,,,,,,,,,,,,
Volvo Truck Center Sweden Ab,,,,,,,,,,,,,,
Vsm Entreprenad Ab,,,,,,,,,,,,,,
Väsby Trädgård Ab,,,,,,,,,,,,,,
Västermalms Taxi Ab,,,,,,,,,,,,,,
Wasastaden Byggentreprenad Ab,,,,,,,,,,,,,,
Waynes Mur & Gipsputs Ab,,,,,,,,,,,,,,
Wellco Welding Ab,,,,,,,,,,,,,,
Wentli Bygg Ab,,,,,,,,,,,,,,
Werksta Sweden Ab,,,,,,,,,,,,,,
Wioss Witron On Site Services Filial,,,,,,,,,,,,,,
Wist Last & Buss Ab,,,,,,,,,,,,,,
Wrapcenter Sweden Ab,,,,,,,,,,,,,,
Xena Entreprenad Ab,,,,,,,,,,,,,,
Über Nordic Ab,,,,,,,,,,,,,,
Yl Sthlm Ab,,,,,,,,,,,,,,
Z&H Allservice Ab,,,,,,,,,,,,,,
Zean Ab,,,,,,,,,,,,,,
Zeromax Movers Ab,,,,,,,,,,,,,,
Årsta Tak Ab,,,,,,,,,,,,,,
Älvsjö Tak Ab,,,,,,,,,,,,,,
Örnsköldsviks Stadsbudskontor Ab,,,,,,,,,,,,,,
Örstig Måleri Ab,,,,,,,,,,,,,,
